file,line,type,commit,author,date,time,timezone,datetime,depth,length
style.css,1,css,9fc5cea1,Rachel Sakamoto,2025-01-09,14:22:45,-08:00,2025-01-09T14:22:45-08:00,0,25
style.css,2,css,9fc5cea1,Rachel Sakamoto,2025-01-09,14:22:45,-08:00,2025-01-09T14:22:45-08:00,0,44
style.css,3,css,9fc5cea1,Rachel Sakamoto,2025-01-09,14:22:45,-08:00,2025-01-09T14:22:45-08:00,0,43
style.css,4,css,9fc5cea1,Rachel Sakamoto,2025-01-09,14:22:45,-08:00,2025-01-09T14:22:45-08:00,0,1
style.css,5,css,9fc5cea1,Rachel Sakamoto,2025-01-09,14:22:45,-08:00,2025-01-09T14:22:45-08:00,0,24
style.css,6,css,c1ed637b,Rachel Sakamoto,2025-01-24,09:50:11,-08:00,2025-01-24T09:50:11-08:00,0,65
style.css,7,css,c1ed637b,Rachel Sakamoto,2025-01-24,09:50:11,-08:00,2025-01-24T09:50:11-08:00,0,86
style.css,8,css,c1ed637b,Rachel Sakamoto,2025-01-24,09:50:11,-08:00,2025-01-24T09:50:11-08:00,0,66
style.css,9,css,9fc5cea1,Rachel Sakamoto,2025-01-09,14:22:45,-08:00,2025-01-09T14:22:45-08:00,0,0
style.css,10,css,9fc5cea1,Rachel Sakamoto,2025-01-09,14:22:45,-08:00,2025-01-09T14:22:45-08:00,0,0
style.css,11,css,9fc5cea1,Rachel Sakamoto,2025-01-09,14:22:45,-08:00,2025-01-09T14:22:45-08:00,0,18
style.css,12,css,801584bb,Rachel Sakamoto,2025-01-17,02:49:07,-08:00,2025-01-17T02:49:07-08:00,0,15
style.css,13,css,9fc5cea1,Rachel Sakamoto,2025-01-09,14:22:45,-08:00,2025-01-09T14:22:45-08:00,0,12
style.css,14,css,9fc5cea1,Rachel Sakamoto,2025-01-09,14:22:45,-08:00,2025-01-09T14:22:45-08:00,0,0
index.js,1,js,67b6c1bd,Rachel Sakamoto,2025-01-31,22:44:08,-08:00,2025-01-31T22:44:08-08:00,0,71
index.js,2,js,67b6c1bd,Rachel Sakamoto,2025-01-31,22:44:08,-08:00,2025-01-31T22:44:08-08:00,0,0
index.js,3,js,67b6c1bd,Rachel Sakamoto,2025-01-31,22:44:08,-08:00,2025-01-31T22:44:08-08:00,0,126
index.js,4,js,67b6c1bd,Rachel Sakamoto,2025-01-31,22:44:08,-08:00,2025-01-31T22:44:08-08:00,0,43
index.js,5,js,67b6c1bd,Rachel Sakamoto,2025-01-31,22:44:08,-08:00,2025-01-31T22:44:08-08:00,0,0
index.js,6,js,67b6c1bd,Rachel Sakamoto,2025-01-31,22:44:08,-08:00,2025-01-31T22:44:08-08:00,0,61
index.js,7,js,67b6c1bd,Rachel Sakamoto,2025-01-31,22:44:08,-08:00,2025-01-31T22:44:08-08:00,0,166
index.js,8,js,67b6c1bd,Rachel Sakamoto,2025-01-31,22:44:08,-08:00,2025-01-31T22:44:08-08:00,0,0
global.js,3,js,c1ed637b,Rachel Sakamoto,2025-01-24,09:50:11,-08:00,2025-01-24T09:50:11-08:00,0,0
global.js,4,js,c1ed637b,Rachel Sakamoto,2025-01-24,09:50:11,-08:00,2025-01-24T09:50:11-08:00,0,0
global.js,5,js,c1ed637b,Rachel Sakamoto,2025-01-24,09:50:11,-08:00,2025-01-24T09:50:11-08:00,0,28
global.js,6,js,c1ed637b,Rachel Sakamoto,2025-01-24,09:50:11,-08:00,2025-01-24T09:50:11-08:00,0,0
global.js,7,js,c1ed637b,Rachel Sakamoto,2025-01-24,09:50:11,-08:00,2025-01-24T09:50:11-08:00,0,34
global.js,8,js,c1ed637b,Rachel Sakamoto,2025-01-24,09:50:11,-08:00,2025-01-24T09:50:11-08:00,0,73
global.js,9,js,c1ed637b,Rachel Sakamoto,2025-01-24,09:50:11,-08:00,2025-01-24T09:50:11-08:00,0,4
global.js,10,js,c1ed637b,Rachel Sakamoto,2025-01-24,09:50:11,-08:00,2025-01-24T09:50:11-08:00,0,0